,辅导员,高校,教育,建设,思想,政治,职业,队伍,工作,专业化,能力,发展,职业化,学生,大学生,管理,培训,专业,理论,路径,素质,心理,职业倦怠,培养,优秀,标准,体系,结构,对策,角色定位,机制,核心,制度,评价,提升,研究生,网络,专职,研究,模式,角色,基地,胜任,大学,认同
辅导员,,233,87,80,67,67,72,71,54,63,57,51,32,25,26,21,19,18,16,16,13,14,13,13,14,14,13,13,13,12,10,12,12,12,10,10,7,11,11,10,10,11,11,8,10
高校,233,,32,41,23,23,41,32,29,31,33,20,9,10,11,10,5,10,6,9,7,5,8,6,4,4,7,7,6,6,4,9,6,3,5,,4,2,3,5,6,1,6,2,6
教育,87,32,,15,68,66,6,11,22,14,12,13,11,15,10,5,12,9,7,3,5,4,,7,7,4,3,7,,2,5,2,3,,,4,5,5,1,5,2,10,1,3,1
建设,80,41,15,,11,12,9,53,11,12,7,12,14,5,1,4,6,1,5,2,3,3,,2,5,3,2,4,1,3,2,1,4,,,4,2,4,1,1,,7,,2,1
思想,67,23,68,11,,72,5,10,18,10,9,8,10,13,6,3,10,7,5,3,4,2,,6,6,4,2,5,1,2,6,1,3,,,3,6,4,1,3,1,8,1,3,
政治,67,23,66,12,72,,6,12,20,11,11,8,10,12,6,3,10,7,4,3,6,1,,6,7,4,3,6,1,2,7,1,5,,,3,6,4,1,3,1,9,1,3,
职业,72,41,6,9,5,6,,5,5,7,28,18,8,4,1,2,4,4,2,2,4,3,1,1,2,6,3,4,,,,1,1,5,3,,1,1,,2,1,1,2,1,6
队伍,71,32,11,53,10,12,5,,7,15,3,11,11,4,,4,3,3,,3,2,2,,3,5,1,2,6,2,,2,1,4,,,4,1,6,1,,,4,,1,
工作,54,29,22,11,18,20,5,7,,7,8,9,5,11,4,4,1,3,4,1,5,4,3,3,4,2,3,3,3,2,3,,2,2,,1,4,3,2,6,1,1,,5,
专业化,63,31,14,12,10,11,7,15,7,,12,15,12,4,,3,4,5,,5,3,1,,5,6,3,1,5,2,3,1,,2,,2,,1,5,,4,,4,,1,
能力,57,33,12,7,9,11,28,3,8,12,,10,4,5,1,2,3,3,1,4,5,2,,4,2,7,5,3,,3,2,3,1,3,6,1,1,2,,2,,1,2,2,1
发展,51,20,13,12,8,8,18,11,9,15,10,,10,8,1,4,1,6,3,4,3,3,,3,5,3,1,3,1,2,,1,2,1,1,,,4,,1,,,1,1,1
职业化,32,9,11,14,10,10,8,11,5,12,4,10,,4,1,,2,3,3,4,2,3,1,1,2,3,1,3,,1,,,,,,,1,2,,2,,3,,1,
学生,25,10,15,5,13,12,4,4,11,4,5,8,4,,1,3,3,3,4,1,1,1,,2,3,1,3,2,1,1,1,2,1,1,,,1,3,,2,1,2,,4,1
大学生,26,11,10,1,6,6,1,,4,,1,1,1,1,,1,,,1,,,3,,,,,,,,1,2,,,,,1,2,,,,,,,,
管理,21,10,5,4,3,3,2,4,4,3,2,4,,3,1,,1,1,1,1,,1,,1,2,,,,,,,,1,,,,,1,1,1,1,,,,
培训,19,5,12,6,10,10,4,3,1,4,3,1,2,3,,1,,2,4,1,,,,3,4,1,3,2,,,1,,,,,,,1,1,,1,9,1,1,2
专业,18,10,9,1,7,7,4,3,3,5,3,6,3,3,,1,2,,1,2,,2,,2,1,3,,3,,,,,,1,,,,2,,1,,1,,,
理论,16,6,7,5,5,4,2,,4,,1,3,3,4,1,1,4,1,,2,,3,,,,1,,,,,,,,2,1,,,1,,1,,4,,2,
路径,16,9,3,2,3,3,2,3,1,5,4,4,4,1,,1,1,2,2,,,,,2,1,,,1,,1,,,2,,2,,,1,,,,,,,
素质,13,7,5,3,4,6,4,2,5,3,5,3,2,1,,,,,,,,,,,1,1,3,2,,2,1,,,,,,1,,,,,1,,1,
心理,14,5,4,3,2,1,3,2,4,1,2,3,3,1,3,1,,2,3,,,,,1,,1,1,1,,1,1,,,,,,,,,2,,,,,
职业倦怠,13,8,,,,,1,,3,,,,1,,,,,,,,,,,,,,,,2,,,,,,,,,,1,,,,,,1
培养,13,6,7,2,6,6,1,3,3,5,4,3,1,2,,1,3,2,,2,,1,,,2,,,3,,,,1,1,,1,,,2,,1,,1,,,
优秀,14,4,7,5,6,7,2,5,4,6,2,5,2,3,,2,4,1,,1,1,,,2,,2,1,3,,,1,1,,1,,,1,2,2,,1,4,,,1
标准,14,4,4,3,4,4,6,1,2,3,7,3,3,1,,,1,3,1,,1,1,,,2,,1,1,,,,1,,3,,,,,2,,,,,,
体系,13,7,3,2,2,3,3,2,3,1,5,1,1,3,,,3,,,,3,1,,,1,1,,1,,1,1,,1,2,,,,,,,,1,1,,
结构,13,7,7,4,5,6,4,6,3,5,3,3,3,2,,,2,3,,1,2,1,,3,3,1,1,,,1,1,1,,,,,,2,,,,2,,,
对策,13,6,,1,1,1,,2,3,2,,1,,1,,,,,,,,,2,,,,,,,,,,1,1,,,,,,,,,1,,
角色定位,12,6,2,3,2,2,,,2,3,3,2,1,1,1,,,,,1,2,1,,,,,1,1,,,,2,,,1,,,,,,,,,1,
机制,10,4,5,2,6,7,,2,3,1,2,,,1,2,,1,,,,1,1,,,1,,1,1,,,,,,,,1,1,,,,,1,,,
核心,12,9,2,1,1,1,1,1,,,3,1,,2,,,,,,,,,,1,1,1,,1,,2,,,,,,1,,,,,,,1,,1
制度,12,6,3,4,3,5,1,4,2,2,1,2,,1,,1,,,,2,,,,1,,,1,,1,,,,,,,,,1,,,,,,2,
评价,12,3,,,,,5,,2,,3,1,,1,,,,1,2,,,,,,1,3,2,,1,,,,,,,,,,2,,,,1,,
提升,10,5,,,,,3,,,2,6,1,,,,,,,1,2,,,,1,,,,,,1,,,,,,,,,,,,,,,1
研究生,10,,4,4,3,3,,4,1,,1,,,,1,,,,,,,,,,,,,,,,1,1,,,,,1,2,,1,1,,2,,1
网络,7,4,5,2,6,6,1,1,4,1,1,,1,1,2,,,,,,1,,,,1,,,,,,1,,,,,1,,,,,,1,,,
专职,11,2,5,4,4,4,1,6,3,5,2,4,2,3,,1,1,2,1,1,,,,2,2,,,2,,,,,1,,,2,,,,,,1,,1,
研究,11,3,1,1,1,1,,1,2,,,,,,,1,1,,,,,,1,,2,2,,,,,,,,2,,,,,,,,1,,,
模式,10,5,5,1,3,3,2,,6,4,2,1,2,2,,1,,1,1,,,2,,1,,,,,,,,,,,,1,,,,,,,1,,
角色,10,6,2,,1,1,1,,1,,,,,1,,1,1,,,,,,,,1,,,,,,,,,,,1,,,,,,,,,1
基地,11,1,10,7,8,9,1,4,1,4,1,,3,2,,,9,1,4,,1,,,1,4,,1,2,,,1,,,,,,1,1,1,,,,,1,1
胜任,11,6,1,,1,1,2,,,,2,1,,,,,1,,,,,,,,,,1,,1,,,1,,1,,2,,,,1,,,,,
大学,8,2,3,2,3,3,1,1,5,1,2,1,1,4,,,1,,2,,1,,,,,,,,,1,,,2,,,,,1,,,,1,,,
认同,10,6,1,1,,,6,,,,1,1,,1,,,2,,,,,,1,,1,,,,,,,1,,,1,1,,,,,1,1,,,
